epoch,train_loss,train_acc,val_loss,val_acc
1,1.9646776517232258,0.10714285714285714,1.9482898768924533,0.14285714285714285
2,1.963478298414321,0.10714285714285714,1.9473199503762382,0.14285714285714285
3,1.9500132912681216,0.15476190476190477,1.9465930688948858,0.14285714285714285
